Date,Portfolio Return
2019-01-03,-0.04994986848415631
2019-01-04,0.05092462632849206
2019-01-07,0.01686990658067027
2019-01-08,0.005362822794129496
2019-01-09,0.009846935499255284
2019-01-10,0.0021643522692307736
2019-01-11,-0.003103524565153592
2019-01-14,-0.007584751670693678
2019-01-15,0.02288625563910747
2019-01-16,0.0034268531141709692
2019-01-17,0.009347247851694718
2019-01-18,0.012936861032687607
2019-01-22,-0.0313862263351794
2019-01-23,0.005490739579866588
2019-01-24,0.010655846273818503
2019-01-25,0.016501914988587708
2019-01-28,-0.04124371524796899
2019-01-29,-0.022624302093366924
2019-01-30,0.0439754942527844
2019-01-31,0.01789742017213749
2019-02-01,-0.013755472850455863
2019-02-04,0.02253729548008532
2019-02-05,0.012207117848477101
2019-02-06,-0.0053511300151759325
2019-02-07,-0.018696674169650797
2019-02-08,-0.0018656346760681731
2019-02-11,-0.003963891192641844
2019-02-12,0.021815538697928762
2019-02-13,0.001710801670057771
2019-02-14,0.0010408994964170362
2019-02-15,0.0021546433236413033
2019-02-19,0.003286858039217289
2019-02-20,0.0009615465752501385
2019-02-21,-0.0036675695568312077
2019-02-22,0.013209700475192144
2019-02-25,0.002260552652327142
2019-02-26,0.000745003609211503
2019-02-27,-0.0011401226496676963
2019-02-28,-0.0029937903019300553
2019-03-01,0.013625246941812908
2019-03-04,0.004725123638880734
2019-03-05,0.0006001742402562015
2019-03-06,-0.010274648919931552
2019-03-07,-0.015990837987882346
2019-03-08,0.0017554644121552832
2019-03-11,0.036309319550957134
2019-03-12,0.008708221743303435
2019-03-13,0.012359622774287305
2019-03-14,-0.0028810743544838814
2019-03-15,0.01276603007019941
2019-03-18,0.0070784034640717815
2019-03-19,0.011155749572575657
2019-03-20,0.008043249346806202
2019-03-21,0.02693024601953935
2019-03-22,-0.027015873269728367
2019-03-25,-0.006192866245649275
2019-03-26,0.0017263606433546076
2019-03-27,-0.004566725251357196
2019-03-28,0.0012891715129062843
2019-03-29,0.0072523687469158386
2019-04-01,0.013729021716305924
2019-04-02,0.0050541252549186405
2019-04-03,0.010437076286662973
2019-04-04,0.00017449220046648065
2019-04-05,0.0057980558533056396
2019-04-08,0.004939830460050133
2019-04-09,-0.006762972924927358
2019-04-10,0.007526703351573217
2019-04-11,-0.0018472386005475628
2019-04-12,0.0014154945240042018
2019-04-15,-0.004243817947041118
2019-04-16,0.0062053180755580195
2019-04-17,0.006100212279167661
2019-04-18,0.0021683219291267265
2019-04-22,0.008351398200760007
2019-04-23,0.014482608086431937
2019-04-24,-0.004417890682058445
2019-04-25,0.0015613018618063417
2019-04-26,-0.0025691972928344915
2019-04-29,0.0032006591934375717
2019-04-30,-0.016942164449653598
2019-05-01,-0.0007682623970049157
2019-05-02,-0.003179311251359374
2019-05-03,0.016988379192546234
2019-05-06,-0.008262078614060364
2019-05-07,-0.022467519878906075
2019-05-08,-0.0007478289487112156
2019-05-09,-0.008800874309024587
2019-05-10,-0.002880714762341729
2019-05-13,-0.0422959966094161
2019-05-14,0.009784496724505144
2019-05-15,0.01371680429944222
2019-05-16,0.0107358974197602
2019-05-17,-0.013738217064659742
2019-05-20,-0.020451127584271055
2019-05-21,0.010826918730503277
2019-05-22,-0.006092757722379849
2019-05-23,-0.018732801477165297
2019-05-24,-0.00393494499791156
2019-05-28,-0.0018521055899386016
2019-05-29,-0.012381012062598519
2019-05-30,0.0007222963765756596
2019-05-31,-0.019332968535568474
2019-06-03,-0.032241650494937796
2019-06-04,0.034030294572279775
2019-06-05,0.0043245175863032784
2019-06-06,0.012060222385868657
2019-06-07,0.022914077746426464
2019-06-10,0.017378687377932425
2019-06-11,0.004700016252805828
2019-06-12,-0.008854669158737116
2019-06-13,0.00786140008209495
2019-06-14,-0.007070070235927784
2019-06-17,0.005484130620910043
2019-06-18,0.022708423267089287
2019-06-19,0.0011620904084185257
2019-06-20,0.007302755942834472
2019-06-21,-0.0022213885333508543
2019-06-24,0.0008987808585984025
2019-06-25,-0.019830549329882242
2019-06-26,0.016095051814001615
2019-06-27,0.005250549254444614
2019-06-28,-0.0008526050376231888
2019-07-01,0.014791926319312546
2019-07-02,0.0013074124059707423
2019-07-03,0.005939642011606327
2019-07-05,-0.0017275678789879566
2019-07-08,-0.009873677630062373
2019-07-09,0.005645999128205204
2019-07-10,0.013395895720937157
2019-07-11,0.006049328657448516
2019-07-12,0.005071593046031975
2019-07-15,0.003369580253803095
2019-07-16,-0.00412435870154324
2019-07-17,-0.002101781219271537
2019-07-18,0.0017145213977623587
2019-07-19,-0.008825251792039102
2019-07-22,0.01414310826277112
2019-07-23,0.010316977157097673
2019-07-24,0.0044904058399244835
2019-07-25,-0.0116084094891745
2019-07-26,0.020408451500110236
2019-07-29,-0.0025490386448330238
2019-07-30,-0.004786798339539168
2019-07-31,-0.014345751676667916
2019-08-01,-0.008486951046118695
2019-08-02,-0.016445318620647974
2019-08-05,-0.04354919802784214
2019-08-06,0.015007138438307968
2019-08-07,0.0064167732204035936
2019-08-08,0.024981500823484028
2019-08-09,-0.014131916544371492
2019-08-12,-0.01176697341351567
2019-08-13,0.026885581516487324
2019-08-14,-0.03179728907808715
2019-08-15,-0.0008127308644717113
2019-08-16,0.02643408422347595
2019-08-19,0.027370240485303524
2019-08-20,-0.009500627435380072
2019-08-21,0.012220826521623974
2019-08-22,-0.003413372643052526
2019-08-23,-0.038628163778665646
2019-08-26,0.01584642455035823
2019-08-27,-0.007098401086691641
2019-08-28,0.0013324696729314356
2019-08-29,0.020336016262427096
2019-08-30,-0.0017773212021416464
2019-09-03,-0.011539699038447562
2019-09-04,0.014702343539709518
2019-09-05,0.029955183513002172
2019-09-06,-0.004340243843531178
2019-09-09,0.00024302697806184454
2019-09-10,0.002129799331215532
2019-09-11,0.010313561118995418
2019-09-12,0.006254319537404318
2019-09-13,-0.006347860002388805
2019-09-16,-0.007072042003241052
2019-09-17,0.0045802691533003426
2019-09-18,0.0022087260687197576
2019-09-19,0.0001129122031592318
2019-09-20,-0.014478862491910239
2019-09-23,0.002770097062044785
2019-09-24,-0.01366754379627837
2019-09-25,0.020168650039702744
2019-09-26,-0.005580026931613125
2019-09-27,-0.01414518299278995
2019-09-30,0.00971230944545498
2019-10-01,-0.00485582798165405
2019-10-02,-0.016888280368177844
2019-10-03,0.01693908970416054
2019-10-04,0.01442131295964
2019-10-07,-6.132487809864563e-05
2019-10-08,-0.018294720264211063
2019-10-09,0.014054159913418254
2019-10-10,0.007482723543984117
2019-10-11,0.011775469919385674
2019-10-14,0.0009662371773543122
2019-10-15,0.020562906668911474
2019-10-16,-0.0033866203069211846
2019-10-17,0.002541220163167846
2019-10-18,-0.01090824634601666
2019-10-21,0.013931235317799207
2019-10-22,-0.006568957917311669
2019-10-23,0.00567224478506272
2019-10-24,0.008425647305904959
2019-10-25,0.010034769083479667
2019-10-28,0.014813354714390582
2019-10-29,-0.016266285946111216
2019-10-30,0.004513493501193433
2019-10-31,0.00018064055410318448
2019-11-01,0.011527201836254442
2019-11-04,0.014482279908371566
2019-11-05,-0.0013006343976439628
2019-11-06,-0.003083584332550049
2019-11-07,0.00489477114985124
2019-11-08,0.0024224038861029975
2019-11-11,-0.0010571586923528997
2019-11-12,0.0030567621241574198
2019-11-13,-0.0017082919786777005
2019-11-14,0.0029755291342427716
2019-11-15,0.0016210746968829967
2019-11-18,0.00887036475727192
2019-11-19,-0.005650730319928777
2019-11-20,-0.002071100513610081
2019-11-21,-0.003534686190921921
2019-11-22,0.0009211166353921829
2019-11-25,0.02055867716037496
2019-11-26,-0.0005781026207044787
2019-11-27,0.0066274417069369885
2019-11-29,-0.006222709759396161
2019-12-02,-0.016109808164091424
2019-12-03,-0.0058009529151799915
2019-12-04,0.006874457405818424
2019-12-05,0.001311912307267682
2019-12-06,0.012728789418183119
2019-12-09,-0.0030152360662562883
2019-12-10,0.00137885893927161
2019-12-11,0.00689673120145522
2019-12-12,0.010691767592214818
2019-12-13,0.004159902809662431
2019-12-16,0.008746578782728952
2019-12-17,0.003672805015827363
2019-12-18,-0.0010031022222949158
2019-12-19,0.008716400766577294
2019-12-20,0.00367569525562268
2019-12-23,0.0034444819962590858
2019-12-24,-0.0013562756243221232
2019-12-26,0.01766213889867818
2019-12-27,-0.002689400059913494
2019-12-30,-0.009033436238566584
2019-12-31,0.004221580707487927
2020-01-02,0.02198867686216279
2020-01-03,-0.011110090490114577
2020-01-06,0.011257324920965983
2020-01-07,-0.00031084013050981536
2020-01-08,0.006639817976694706
2020-01-09,0.01200284757454959
2020-01-10,6.140269841292505e-06
2020-01-13,0.015362027789590373
2020-01-14,-0.011462426201017917
2020-01-15,-0.0005350024088966566
2020-01-16,0.012139433393831923
2020-01-17,0.0062560394282904505
2020-01-21,0.00014632105774436965
2020-01-22,0.001242025040029171
2020-01-23,0.004198711649344156
2020-01-24,-0.009403455438827058
2020-01-27,-0.025709339856963533
2020-01-28,0.02139346923407066
2020-01-29,0.006712616550729879
2020-01-30,0.006600179574625908
2020-01-31,-0.007645848436337555
2020-02-03,0.014129817648402111
2020-02-04,0.018365489115114354
2020-02-05,0.0034566947387537853
2020-02-06,0.014423574582287603
2020-02-07,-0.0012685451550537691
2020-02-10,0.024478192907211628
2020-02-11,-0.00021127593325578377
2020-02-12,0.010504417994847737
2020-02-13,-0.0054266298093275985
2020-02-14,0.015185864566635888
2020-02-18,0.005087938737493847
2020-02-19,0.017787425899681478
2020-02-20,-0.01153046920659373
2020-02-21,-0.0300553152651069
2020-02-24,-0.04910834600102996
2020-02-25,-0.026656003790606578
2020-02-26,0.011238991973748159
2020-02-27,-0.05878847856562395
2020-02-28,0.022195366684186424
2020-03-02,0.05112033958491313
2020-03-03,-0.03517476027024313
2020-03-04,0.0441886463548717
2020-03-05,-0.034312776326632544
2020-03-06,-0.018892992739861583
2020-03-09,-0.06777063591467461
2020-03-10,0.060724814470938734
2020-03-11,-0.044780397061572
2020-03-12,-0.09544574479563711
2020-03-13,0.10648797843517702
2020-03-16,-0.12611945978246333
2020-03-17,0.06896596324224472
2020-03-18,-0.028971590816517657
2020-03-19,0.02108694125174171
2020-03-20,-0.03851268626575288
2020-03-23,0.004013237500827805
2020-03-24,0.09087103234440544
2020-03-25,-0.016491902178752474
2020-03-26,0.05101233244056043
2020-03-27,-0.03472070343360217
2020-03-30,0.04316725520642533
2020-03-31,-0.0037724694397964116
2020-04-01,-0.04781377614819726
2020-04-02,0.021558118472049206
2020-04-03,-0.019398170505657064
2020-04-06,0.07851062109356609
2020-04-07,-0.01015641728544845
2020-04-08,0.020495589004514914
2020-04-09,-0.0016362699888464727
2020-04-13,0.022605359509819366
2020-04-14,0.05005955855499305
2020-04-15,-0.00523147101630057
2020-04-16,0.02619540058972776
2020-04-17,-0.0018921832439864786
2020-04-20,-0.012945334432668345
2020-04-21,-0.039915548434001226
2020-04-22,0.035571567225425316
2020-04-23,0.00037963275381738305
2020-04-24,0.01510733966822202
2020-04-27,0.0010023466823997134
2020-04-28,-0.023199674875272747
2020-04-29,0.04326686499752195
2020-04-30,0.011295765163891545
2020-05-01,-0.034456806953843525
2020-05-04,0.017207963425838593
2020-05-05,0.01093630483503687
2020-05-06,0.009145568712751096
2020-05-07,0.012921407054816925
2020-05-08,0.014155636825350194
2020-05-11,0.017106016379345102
2020-05-12,-0.02170715100683769
2020-05-13,-0.008990139787997698
2020-05-14,0.01156920444002765
2020-05-15,0.017333988556905225
2020-05-18,0.015868790456154927
2020-05-19,-0.0009321253659842379
2020-05-20,0.019427581530076753
2020-05-21,-0.012676924727845896
2020-05-22,0.007212153280485478
2020-05-26,-0.010386896756091835
2020-05-27,-0.004381004171315172
2020-05-28,-0.0023184512123474834
2020-05-29,0.0165924433801252
2020-06-01,0.0029767495100258886
2020-06-02,0.004780655240702282
2020-06-03,0.000384563200834931
2020-06-04,-0.009235923387914857
2020-06-05,0.019335849388619854
2020-06-08,0.00426440112326314
2020-06-09,0.019962114115696837
2020-06-10,0.024976305277260247
2020-06-11,-0.047858800985798804
2020-06-12,0.006963447183051952
2020-06-15,0.012434005184406561
2020-06-16,0.014839786357598772
2020-06-17,0.006913472121234743
2020-06-18,0.00027989502822549643
2020-06-19,-0.0011338310756457085
2020-06-22,0.023075553308229812
2020-06-23,0.009558704340264
2020-06-24,-0.01854618929389886
2020-06-25,0.013342434750433844
2020-06-26,-0.032591720075588484
2020-06-29,0.011897367144508354
2020-06-30,0.022093972945796958
2020-07-01,0.013538923811724925
2020-07-02,0.007929937494064499
2020-07-06,0.02996006751721985
2020-07-07,-0.007307003680679625
2020-07-08,0.023266444593533553
2020-07-09,0.01658937013279771
2020-07-10,0.0029486565714715867
2020-07-13,-0.024729963637676346
2020-07-14,0.010859974751150992
2020-07-15,-0.0072040509554890395
2020-07-16,-0.00908526243307084
2020-07-17,-0.002380805965727029
2020-07-20,0.040928550381089446
2020-07-21,-0.013597802042214193
2020-07-22,0.004272863488599699
2020-07-23,-0.037183734901150636
2020-07-24,-7.020184275645662e-05
2020-07-27,0.01761842768681854
2020-07-28,-0.015998037565849766
2020-07-29,0.015602437020436755
2020-07-30,0.008261746908695989
2020-07-31,0.022877794786028718
2020-08-03,0.019705761446363178
2020-08-04,0.0027402545544906506
2020-08-05,0.006451706568693317
2020-08-06,0.015787545083840195
2020-08-07,-0.014966987618001795
2020-08-10,-0.003116397130959126
2020-08-11,-0.02273047845912244
2020-08-12,0.03214295641042604
2020-08-13,0.004290529511173346
2020-08-14,-0.00027939385118109757
2020-08-17,0.01789624138335415
2020-08-18,0.014971751880491227
2020-08-19,-0.007532813882157608
2020-08-20,0.015493123434626587
2020-08-21,0.01693557701389561
2020-08-24,0.006201280290569678
2020-08-25,0.00640082029877107
2020-08-26,0.01787111646830866
2020-08-27,-0.004077402137181307
2020-08-28,0.0114060617867515
2020-08-31,0.00896108903383679
2020-09-01,0.022175258643718766
2020-09-02,0.01669248113866064
2020-09-03,-0.06644750298758326
2020-09-04,-0.018999383756951385
2020-09-08,-0.0515956477919947
2020-09-09,0.04060143718491674
2020-09-10,-0.02693456698961756
2020-09-11,-0.01138080208240102
2020-09-14,0.017224200282286817
2020-09-15,0.012349554058592062
2020-09-16,-0.024756741224910055
2020-09-17,-0.013915631291726505
2020-09-18,-0.021641558288257822
2020-09-21,0.011081636704408582
2020-09-22,0.025422674829193383
2020-09-23,-0.03827216818467967
2020-09-24,0.011585654122420718
2020-09-25,0.027842990381344992
2020-09-28,0.016661561091939527
2020-09-29,-0.0014974402878021207
2020-09-30,0.01077360406511545
2020-10-01,0.012609560083139649
2020-10-02,-0.030789265234512513
2020-10-05,0.027597082759806837
2020-10-06,-0.019099901285211576
2020-10-07,0.017808651715514535
2020-10-08,0.0017374894555106212
2020-10-09,0.017014998530969282
2020-10-12,0.041295238497458045
2020-10-13,-0.003316101569815588
2020-10-14,-0.008898700189428089
2020-10-15,-0.00616558956115385
2020-10-16,-0.007446818750363326
2020-10-19,-0.023423588058796185
2020-10-20,0.008602357854260579
2020-10-21,-0.00021171849996499677
2020-10-22,-0.0021840096986819324
2020-10-23,0.008491353257249746
2020-10-26,-0.018077227078037918
2020-10-27,0.01638744675192401
2020-10-28,-0.04920402293868427
2020-10-29,0.024861185728435896
2020-10-30,-0.024208803807606216
2020-11-02,-0.000627767577448113
2020-11-03,0.019650172929160936
2020-11-04,0.054540727404118576
2020-11-05,0.02567475938361663
2020-11-06,0.004881642477068105
2020-11-09,-0.03148109317751405
2020-11-10,-0.02959743451402144
2020-11-11,0.029310629717878147
2020-11-12,-0.003149154829134826
2020-11-13,0.0032727994721066796
2020-11-16,0.006035480583006248
2020-11-17,-0.006540090268452636
2020-11-18,-0.009130788370089939
2020-11-19,0.005279245518788535
2020-11-20,-0.01300242780301022
2020-11-23,-0.006497360682812037
2020-11-24,0.008591217987554245
2020-11-25,0.010102494044465615
2020-11-27,0.005877428726007629
2020-11-30,-0.00010228425882137255
2020-12-01,0.015947904179747032
2020-12-02,0.004388011086062194
2020-12-03,-0.0048030649533279185
2020-12-04,0.00010701501780421277
2020-12-07,0.002076347849314675
2020-12-08,-0.0005560928924421837
2020-12-09,-0.022656047368402564
2020-12-10,0.0005079093493019381
2020-12-11,0.0036598775652677993
2020-12-14,0.004456032779853514
2020-12-15,0.012253503972374125
2020-12-16,0.007284717215226033
2020-12-17,0.0008121182763887624
2020-12-18,-0.00873464198555569
2020-12-21,0.008295880680869772
2020-12-22,0.0044636701639602094
2020-12-23,-0.008448905573200882
2020-12-24,0.0027660454605127117
2020-12-28,0.019298734345244564
2020-12-29,-0.00222226222258537
2020-12-30,-0.0054040270177525326
2020-12-31,-0.002125788756478064
2021-01-04,-0.01564296708126891
2021-01-05,0.010721310019060539
2021-01-06,-0.03066148390155874
2021-01-07,0.03157116315042954
2021-01-08,0.005883728826556146
2021-01-11,-0.010321236265867076
2021-01-12,-0.006363671971174801
2021-01-13,0.009272669989313132
2021-01-14,-0.015290599132651985
2021-01-15,-0.010122560629235399
2021-01-19,0.014872874809676473
2021-01-20,0.0389541596675485
2021-01-21,0.018508071705968732
2021-01-22,0.0018505242570128876
2021-01-25,0.008130777556005353
2021-01-26,0.0029763745125464427
2021-01-27,-0.023705323393749003
2021-01-28,0.004323096953611615
2021-01-29,-0.018986815943293302
2021-02-01,0.0294591898771456
2021-02-02,0.0109546633948044
2021-02-03,0.011544108968001265
2021-02-04,0.006918870104336561
2021-02-05,0.0031631962828456038
2021-02-08,0.01076206128069217
2021-02-09,-0.00462915987305319
2021-02-10,0.005287958433102436
2021-02-11,0.006311547562168807
2021-02-12,-0.001475915514889104
2021-02-16,0.0016202749309028653
2021-02-17,-0.005012940905262121
2021-02-18,-0.003121337359789011
2021-02-19,-0.007073453302541522
2021-02-22,-0.026533108767806193
2021-02-23,-0.002821875761834369
2021-02-24,0.0054462227078516225
2021-02-25,-0.04112619170047121
2021-02-26,0.012455353624271172
2021-03-01,0.024714461043248818
2021-03-02,-0.016843967092456103
2021-03-03,-0.030188512421393154
2021-03-04,-0.010264814383124677
2021-03-05,0.015664978133056187
2021-03-08,-0.03768104903243539
2021-03-09,0.04060430119345724
2021-03-10,-0.004576421141518883
2021-03-11,0.025759166046650073
2021-03-12,-0.01116557754002725
2021-03-15,0.009236871447818217
2021-03-16,0.01006257876708334
2021-03-17,0.0015760367192160895
2021-03-18,-0.03410858946757005
2021-03-19,0.00437916519443724
2021-03-22,0.018569090276580758
2021-03-23,0.0009778951516326683
2021-03-24,-0.016405292891396674
2021-03-25,-0.006172798604918862
2021-03-26,0.00906055383323694
2021-03-29,0.00457954713185389
2021-03-30,-0.0077813789629622935
2021-03-31,0.01864623859786376
2021-04-01,0.02476600417722663
2021-04-05,0.025339422304065894
2021-04-06,-0.003335428808707008
2021-04-07,0.01453553253578761
2021-04-08,0.011213777289660866
2021-04-09,0.013480980606403837
2021-04-12,0.006768414528318757
2021-04-13,0.015158434920815813
2021-04-14,-0.016000331738204608
2021-04-15,0.024695191216514978
2021-04-16,-0.0013496126725734527
2021-04-19,-0.00844231486028304
2021-04-20,-0.00856966769502281
2021-04-21,0.006458711624370462
2021-04-22,-0.017017081921428014
2021-04-23,0.018425969563108602
2021-04-26,0.008636857368989937
2021-04-27,-0.002558639438194499
2021-04-28,0.00011735742305831712
2021-04-29,0.0024676136017307343
2021-04-30,-0.010907989699060105
2021-05-03,-0.00646613292950653
2021-05-04,-0.02435472810254751
2021-05-05,-0.0009871916960498607
2021-05-06,0.010240101068010876
2021-05-07,0.007589906309703021
2021-05-10,-0.02798432492292591
2021-05-11,-0.0014809324948338752
2021-05-12,-0.029133008754810886
2021-05-13,0.008822480651876807
2021-05-14,0.02495140857708189
2021-05-17,-0.0014614378463832177
2021-05-18,-0.010718202778150698
2021-05-19,0.0017204835486853256
2021-05-20,0.018844781932634683
2021-05-21,-0.0026836395318696974
2021-05-24,0.023963799154268717
2021-05-25,0.0019145156231410887
2021-05-26,0.002257455442144929
2021-05-27,-0.010537895489101024
2021-05-28,0.008066627354792888
2021-06-01,-0.00031937329312472503
2021-06-02,0.007555546522969903
2021-06-03,-0.006280778570282865
2021-06-04,0.020234672682984824
2021-06-07,0.003105170510738109
2021-06-08,0.002330883666439032
2021-06-09,0.002173553070981815
2021-06-10,0.00847694785419575
2021-06-11,0.00649255006148053
2021-06-14,0.012390840246349689
2021-06-15,-0.006740201044687578
2021-06-16,0.0011057961283675423
2021-06-17,0.020707706098814914
2021-06-18,-0.006159526135885507
2021-06-21,0.0039621844345909315
2021-06-22,0.01355145896203709
2021-06-23,0.0007815219771002192
2021-06-24,-0.00032098778864397826
2021-06-25,-0.006266894409988643
2021-06-28,0.017866984341557226
2021-06-29,0.004529296387643389
2021-06-30,-0.0004487060584333235
2021-07-01,0.0032277428684654554
2021-07-02,0.020234989915203627
2021-07-06,0.015890092086049724
2021-07-07,0.0036529353951048724
2021-07-08,-0.008614557758387176
2021-07-09,0.004580006092536526
2021-07-12,0.005603213863339063
2021-07-13,1.8991597629902483e-05
2021-07-14,0.0035160483168450657
2021-07-15,-0.015432272775865341
2021-07-16,-0.014731891418000999
2021-07-19,-0.006346207211885923
2021-07-20,0.009025025582518187
2021-07-21,0.011832974853556411
2021-07-22,0.011505734300330594
2021-07-23,0.012674541552193542
2021-07-26,0.0013465912938366298
2021-07-27,-0.012763391671996827
2021-07-28,0.006985225551249652
2021-07-29,0.0005966788607951082
2021-07-30,-0.019143787570514225
2021-08-02,0.002468987887866181
2021-08-03,0.008039038298239777
2021-08-04,0.0022231366026108203
2021-08-05,0.008766392116854593
2021-08-06,-0.00621365038678694
2021-08-09,6.193522558594526e-07
2021-08-10,-0.006942623580757746
2021-08-11,-0.004157190680287571
2021-08-12,0.010274462912475758
2021-08-13,0.005424300210563194
2021-08-16,0.002696880537238377
2021-08-17,-0.013035630818709686
2021-08-18,-0.014908043860263433
2021-08-19,0.012081141384025627
2021-08-20,0.020774549566682277
2021-08-23,0.021135747220191757
2021-08-24,0.0012305557140856126
2021-08-25,0.002525210653934207
2021-08-26,-0.00422384605221764
2021-08-27,0.012659166240396936
2021-08-30,0.014235161117470209
2021-08-31,-0.002422614362716358
2021-09-01,0.002551999445856201
2021-09-02,-0.0029255362701166247
2021-09-03,0.006324989860646602
2021-09-07,0.0034247171899259854
2021-09-08,-0.004740690704865625
2021-09-09,-0.007317174882460842
2021-09-10,-0.009516922313181575
2021-09-13,0.00012094348881843721
2021-09-14,0.0006688297157393164
2021-09-15,0.009614399805628303
2021-09-16,-0.0013642449007891467
2021-09-17,-0.01563859414490947
2021-09-20,-0.024298030241917082
2021-09-21,0.002016190409959928
2021-09-22,0.01645857109748201
2021-09-23,0.010388361399983382
2021-09-24,-0.001612642741263892
2021-09-27,-0.012142807243363652
2021-09-28,-0.03358192158134188
2021-09-29,-0.0031923471400281183
2021-09-30,-0.003370146307335963
2021-10-01,0.01115116790412527
2021-10-04,-0.028721521476930037
2021-10-05,0.019604769078613596
2021-10-06,0.011523082784191053
2021-10-07,0.011518983709972952
2021-10-08,-0.0028911128299145216
2021-10-11,-0.00567277561208539
2021-10-12,-0.006455809154373937
2021-10-13,0.008023830139958799
2021-10-14,0.022236841609559434
2021-10-15,0.010457359362148868
2021-10-18,0.011887303513551207
2021-10-19,0.004732565265997346
2021-10-20,-0.005276733352349395
2021-10-21,0.009137269654312297
2021-10-22,-0.013666725011443417
2021-10-25,0.002054785689121608
2021-10-26,0.021654103275652224
2021-10-27,0.016532658974003734
2021-10-28,0.012420865566090702
2021-10-29,0.004581901730224369
2021-11-01,-0.00981134117406537
2021-11-02,0.010525768569137894
2021-11-03,0.0098787902103747
2021-11-04,0.03262008068168901
2021-11-05,0.0033654537433923442
2021-11-08,0.005049638058116358
2021-11-09,0.0037706469107816835
2021-11-10,-0.02404371867632249
2021-11-11,0.006515970379730884
2021-11-12,0.012475519910786527
2021-11-15,-0.0019140724747197526
2021-11-16,0.003509299223935103
2021-11-17,-0.002104007592581247
2021-11-18,0.03418254749795331
2021-11-19,0.01047313762605615
2021-11-22,-0.016747637487074175
2021-11-23,-0.0023878617545305845
2021-11-24,0.007123702616196549
2021-11-26,-0.028000236549075352
2021-11-29,0.028444045105788622
2021-11-30,-0.009520859927527714
2021-12-01,-0.01332707906505961
2021-12-02,0.0051581249125788545
2021-12-03,-0.019316490429128266
2021-12-06,0.005836856447734506
2021-12-07,0.03970126199683373
2021-12-08,0.002117531965537611
2021-12-09,-0.0131015918934819
2021-12-10,0.007597430538362372
2021-12-13,-0.025469570459016856
2021-12-14,-0.010066095511002038
2021-12-15,0.03303958782347665
2021-12-16,-0.03513920782587654
2021-12-17,-0.008514368424003906
2021-12-20,-0.00824032736277729
2021-12-21,0.02484558590134487
2021-12-22,0.013740275746615405
2021-12-23,0.003977686295382199
2021-12-27,0.017749864724307306
2021-12-28,-0.006361038029083211
2021-12-29,-0.0033611776950916994
2021-12-30,-0.00689817538941997
2021-12-31,-0.007788842006931285
2022-01-03,0.013511547297100933
2022-01-04,-0.015685192539151394
2022-01-05,-0.03746388925814386
2022-01-06,-0.002142261787197874
2022-01-07,-0.008226697446849764
2022-01-10,0.0023909553211222123
2022-01-11,0.01319093573461232
2022-01-12,0.006149469743033187
2022-01-13,-0.031296933725146886
2022-01-14,0.009763133702202654
2022-01-18,-0.02532552215360431
2022-01-19,-0.014802144785828353
2022-01-20,-0.019130714266252437
2022-01-21,-0.02900825746900031
2022-01-24,0.002599284231879184
2022-01-25,-0.028785017127856992
2022-01-26,0.011629382192636852
2022-01-27,-0.005001960662627681
2022-01-28,0.040692669378523984
2022-01-31,0.03210424781755998
2022-02-01,0.005244966220583415
2022-02-02,0.02363534488624508
2022-02-03,-0.04364794547196245
2022-02-04,0.03323180420383518
2022-02-07,-0.006081219297741859
2022-02-08,0.013854689842686918
2022-02-09,0.021615598448832166
2022-02-10,-0.023902742340079344
2022-02-11,-0.03686018853476907
2022-02-14,0.007209582104352919
2022-02-15,0.03003044898771652
2022-02-16,0.00329493958204754
2022-02-17,-0.037139325450452065
2022-02-18,-0.016732193226035343
2022-02-22,-0.009894895372354707
2022-02-23,-0.029507913498661643
2022-02-24,0.04273188803162662
2022-02-25,0.013761390593247214
2022-02-28,0.0038063517544090655
2022-03-01,-0.016970649348480717
2022-03-02,0.016001399270158114
2022-03-03,-0.013882022134236904
2022-03-04,-0.02036861612031813
2022-03-07,-0.04573693434445219
2022-03-08,-0.003956252074193922
2022-03-09,0.044853233437865556
2022-03-10,-0.001208026683768116
2022-03-11,-0.01919894724160085
2022-03-14,-0.025954947254699472
2022-03-15,0.04201905209025441
2022-03-16,0.03821130231132739
2022-03-17,0.010298740791710337
2022-03-18,0.029856191865597695
2022-03-21,0.0032502349598746206
2022-03-22,0.015607323552747833
2022-03-23,-0.012143666354632777
2022-03-24,0.03230794256931189
2022-03-25,-0.001267081116221291
2022-03-28,0.014248231031510938
2022-03-29,0.01182457085740567
2022-03-30,-0.013410751222920347
2022-03-31,-0.018028126346765896
2022-04-01,-0.0015831437382456855
2022-04-04,0.023056469176397656
2022-04-05,-0.025259938206651178
2022-04-06,-0.03497707758777002
2022-04-07,-0.0022109578338975313
2022-04-08,-0.022340309080694114
2022-04-11,-0.034408900679227396
2022-04-12,-0.005872067953180826
2022-04-13,0.02342999436011302
2022-04-14,-0.029729088053774305
2022-04-18,0.008081932929137527
2022-04-19,0.02067283026115603
2022-04-20,-0.014148427351082151
2022-04-21,-0.029382318668755004
2022-04-22,-0.030633030099206815
2022-04-25,0.018333157185080797
2022-04-26,-0.042480432881624265
2022-04-27,-0.0037401895758772726
2022-04-28,0.045109434820310976
2022-04-29,-0.06371511048393645
2022-05-02,0.02072142509647077
2022-05-03,0.0016321726598625967
2022-05-04,0.03258482130609863
2022-05-05,-0.05904665143443831
2022-05-06,-0.0068486868326805405
2022-05-09,-0.0485182408706996
2022-05-10,0.018029831343917026
2022-05-11,-0.03577120104519722
2022-05-12,-0.013219802098468758
2022-05-13,0.046971264197007964
2022-05-16,-0.013573569259727237
2022-05-17,0.03150093979059446
2022-05-18,-0.05618807583501606
2022-05-19,-0.005795045550845046
2022-05-20,-0.007298370403805899
2022-05-23,0.021548920520799777
2022-05-24,-0.02976628289786927
2022-05-25,0.017454567465875016
2022-05-26,0.029351938435361588
2022-05-27,0.040148149090895126
2022-05-31,0.007818153777851666
2022-06-01,-0.0008586859021426866
2022-06-02,0.0316755745137693
2022-06-03,-0.030210853494560076
2022-06-06,0.00877878880635179
2022-06-07,0.005492829779930331
2022-06-08,-0.008322182894353249
2022-06-09,-0.030109461738787792
2022-06-10,-0.04613109510747065
2022-06-13,-0.05126294270299417
2022-06-14,0.0035746648923723036
2022-06-15,0.03488855317543087
2022-06-16,-0.038777033328344014
2022-06-17,0.01510424477242478
2022-06-21,0.032956349454373424
2022-06-22,-0.0033377477695617943
2022-06-23,0.014951727237187674
2022-06-24,0.04020569733629649
2022-06-27,-0.014295152326868133
2022-06-28,-0.03971104572723712
2022-06-29,0.0023303379935442304
2022-06-30,-0.021049354670778907
2022-07-01,0.002877659095168572
2022-07-05,0.0278948054544061
2022-07-06,0.01047070713756364
2022-07-07,0.026918000999021533
2022-07-08,-0.0002583914157888278
2022-07-11,-0.026690073665311752
2022-07-12,-0.015144616994121817
2022-07-13,-0.0026863219061897597
2022-07-14,0.0065618686065939125
2022-07-15,0.017276250216989822
2022-07-18,-0.006297552002546293
2022-07-19,0.037157077066151435
2022-07-20,0.02227947923516447
2022-07-21,0.011510585355059267
2022-07-22,-0.027916185501765934
2022-07-25,-0.008875699788168268
2022-07-26,-0.02797124585871613
2022-07-27,0.06146547580746061
2022-07-28,0.012821205409790216
2022-07-29,0.03608240146802815
2022-08-01,-0.001972639859509817
2022-08-02,-0.004577268007521252
2022-08-03,0.030293858833724485
2022-08-04,0.008417410299827965
2022-08-05,-0.006853346357736002
2022-08-08,-0.017272240548262596
2022-08-09,-0.00988262120592982
2022-08-10,0.03424991378166573
2022-08-11,-0.008389785729000577
2022-08-12,0.025160171050478342
2022-08-15,0.005930319821008246
2022-08-16,-0.0006980791835008658
2022-08-17,-0.011768845262956762
2022-08-18,0.004848640778274583
2022-08-19,-0.026281739516242353
2022-08-22,-0.031925735613674774
2022-08-23,0.00031212817800034824
2022-08-24,0.0003366971026753207
2022-08-25,0.023637228792130836
2022-08-26,-0.054045348010128016
2022-08-29,-0.013653377262674482
2022-08-30,-0.011491015276106343
2022-08-31,-0.01247061470725792
2022-09-01,-0.010742024109356051
2022-09-02,-0.01414670474488098
2022-09-06,-0.010629582845231366
2022-09-07,0.01972010903940773
2022-09-08,0.0010045810543953594
2022-09-09,0.023542942324371288
2022-09-12,0.016149869701808407
2022-09-13,-0.06759044061308306
2022-09-14,0.006079875020470959
2022-09-15,-0.019754168756702353
2022-09-16,-0.0031216833552796036
2022-09-19,0.009979929799515142
2022-09-20,-0.009346596199235658
2022-09-21,-0.015302844529873362
2022-09-22,-0.010475987214817706
2022-09-23,-0.015095263378903745
2022-09-26,-0.0032915294466081325
2022-09-27,0.0008128920807152439
2022-09-28,0.018140154520043673
2022-09-29,-0.0315862454367708
2022-09-30,-0.017976915385756076
2022-10-03,0.03037782110190466
2022-10-04,0.037431810794258884
2022-10-05,0.0006613088895798037
2022-10-06,-0.0055499544237600515
2022-10-07,-0.04851531134006619
2022-10-10,-0.013729209569128865
2022-10-11,-0.010799247956060243
2022-10-12,-9.194265442784549e-05
2022-10-13,0.024663673312101952
2022-10-14,-0.038608807899896784
2022-10-17,0.04540228847237709
2022-10-18,0.010145380698291807
2022-10-19,-0.004616904339820738
2022-10-20,0.002436097717415731
2022-10-21,0.024312726190807824
2022-10-24,0.012918933144671874
2022-10-25,0.02226023486419111
2022-10-26,-0.05133485516784598
2022-10-27,-0.019538642005953948
2022-10-28,0.02836064840865038
2022-10-31,-0.016698581464778872
2022-11-01,-0.025818999656667434
2022-11-02,-0.03670646748529134
2022-11-03,-0.025003764395999654
2022-11-04,0.028542449605000745
2022-11-07,0.012105825439405415
2022-11-08,0.005633776452296679
2022-11-09,-0.03385132512530989
2022-11-10,0.10242540451675408
2022-11-11,0.028449081774005208
2022-11-14,-0.012826045453720925
2022-11-15,0.013915192265200505
2022-11-16,-0.013219833615742638
2022-11-17,-0.006042115816385607
2022-11-18,-0.006431442008835009
2022-11-21,-0.012167688316523262
2022-11-22,0.019443112996605907
2022-11-23,0.014166291179551527
2022-11-25,-0.010567263009523842
2022-11-28,-0.01706622802803888
2022-11-29,-0.012836064188719166
2022-11-30,0.05962127992021062
2022-12-01,0.00037644261637459486
2022-12-02,-0.007396507758036909
2022-12-05,-0.01706979534553399
2022-12-06,-0.027727702991086556
2022-12-07,-0.0054361532831678
2022-12-08,0.0196033009607733
2022-12-09,-0.008911972121984382
2022-12-12,0.01964957989927814
2022-12-13,0.020231893055408092
2022-12-14,-0.01041716695897963
2022-12-15,-0.03961691765411354
2022-12-16,-0.013535292276100709
2022-12-19,-0.021198806035619192
2022-12-20,0.0008852153034098588
2022-12-21,0.017077198415887285
2022-12-22,-0.034876322549633645
2022-12-23,0.004994545626561875
2022-12-27,-0.02783810078912168
2022-12-28,-0.015465602583468876
2022-12-29,0.03068859441539811
2022-12-30,-0.0012681566203867512
2023-01-03,-0.005422298121261182
2023-01-04,-0.004540870255082585
2023-01-05,-0.02362556469773365
2023-01-06,0.027811196188395428
2023-01-09,0.01764671501566402
2023-01-10,0.012666114597073275
2023-01-11,0.030055387268203008
2023-01-12,0.008105346215551035
2023-01-13,0.015483317129045961
2023-01-17,0.006169802489394095
2023-01-18,-0.010124713374797988
2023-01-19,-0.009739080411484812
2023-01-20,0.042109468876294104
2023-01-23,0.026011903399969553
2023-01-24,-0.004332170881591969
2023-01-25,-0.004810670266501749
2023-01-26,0.023090515475910726
2023-01-27,0.018433848525775256
2023-01-30,-0.02841917654732078
2023-01-31,0.018972496503522906
2023-02-01,0.02709494833518291
2023-02-02,0.053421770195546836
2023-02-03,-0.0278123860537133
2023-02-06,-0.010842329141005313
2023-02-07,0.03160935967269066
2023-02-08,-0.023263214780943
2023-02-09,-0.014918800796737155
2023-02-10,-0.011710440052648475
2023-02-13,0.018967937792744305
2023-02-14,0.01111013557245033
2023-02-15,0.007082617573080597
2023-02-16,-0.023006423466747063
2023-02-17,-0.014575873455274313
2023-02-21,-0.027185165719732285
2023-02-22,0.0028733189763259226
2023-02-23,0.029697386548903238
2023-02-24,-0.019867910893809924
2023-02-27,0.006467154774965511
2023-02-28,-0.0022812235985161244
2023-03-01,-0.01354361517349474
2023-03-02,0.01372734839971197
2023-03-03,0.0248886705195567
2023-03-06,0.0028699981118261333
2023-03-07,-0.010338907410379128
2023-03-08,0.010612571560698437
2023-03-09,-0.01788436646736058
2023-03-10,-0.016708413819930226
2023-03-13,0.011756736329476426
2023-03-14,0.02936170557128306
2023-03-15,0.01279882559481571
2023-03-16,0.039429056789327094
2023-03-17,0.0031014524109824974
2023-03-20,-0.003989537759017715
2023-03-21,0.019083128637382443
2023-03-22,-0.007607139727957679
2023-03-23,0.015136325664191475
2023-03-24,-0.0007513860180398571
2023-03-27,-0.01313361311078527
2023-03-28,-0.00696371591522722
2023-03-29,0.019045315824794785
2023-03-30,0.009964240736330222
2023-03-31,0.017158300612498723
2023-04-03,0.0016624153935340452
2023-04-04,-0.0006490737348098909
2023-04-05,-0.014363909043817548
2023-04-06,0.016827584619665756
2023-04-10,-0.004137845680327779
2023-04-11,-0.01547777210719179
2023-04-12,-0.01089661715458563
2023-04-13,0.025734283308754984
2023-04-14,0.0021493601894271744
2023-04-17,-0.00117159283061048
2023-04-18,0.00249780440889722
2023-04-19,0.006655207071258263
2023-04-20,-0.007522212717652478
2023-04-21,0.004206649280741105
2023-04-24,-0.0033246388971349904
2023-04-25,-0.02317387741675896
2023-04-26,0.02435375498128376
2023-04-27,0.030791125391326713
2023-04-28,-0.0014788036034933277
2023-05-01,0.00044582247625348827
2023-05-02,-0.006589986386072645
2023-05-03,-0.004637943192766536
2023-05-04,-0.003736362691112727
2023-05-05,0.025802925736372467
2023-05-08,0.006405897605217948
2023-05-09,-0.006329171571669567
2023-05-10,0.022635669116423698
2023-05-11,0.008922759356898768
2023-05-12,-0.005294668303829165
2023-05-15,0.00406677693973112
2023-05-16,0.012376209666997973
2023-05-17,0.015147014330121021
2023-05-18,0.023435641255394303
2023-05-19,-0.005931370767285649
2023-05-22,0.0017226371528944024
2023-05-23,-0.013865233100152776
2023-05-24,-0.0011933913843618085
2023-05-25,0.05903948033313451
2023-05-26,0.02290219085506302
2023-05-30,0.0081774523205016
2023-05-31,-0.016181902789708505
2023-06-01,0.021006466018475268
2023-06-02,0.004369851056496145
2023-06-05,0.0018542148771121037
2023-06-06,-0.00024286208874100277
2023-06-07,-0.02985998910558718
2023-06-08,0.014173931216781168
2023-06-09,0.0015505405715801278
2023-06-12,0.01729245941069224
2023-06-13,0.009198843386446342
2023-06-14,0.011514638263718903
2023-06-15,0.010407006794186048
2023-06-16,-0.009347500826639977
2023-06-20,0.0025909940747852467
2023-06-21,-0.012928401935394664
2023-06-22,0.019736771810932523
2023-06-23,-0.009472110499896047
2023-06-26,-0.022447575748484952
2023-06-27,0.01565763455295337
2023-06-28,0.001315801684166052
2023-06-29,-0.005116193920253931
2023-06-30,0.020002906731971182
2023-07-03,-0.002410386689097921
2023-07-05,0.0017993884183051367
2023-07-06,-0.004457053665962652
2023-07-07,-0.00048816135578506653
2023-07-10,-0.016043610470059286
2023-07-11,0.004671407904325187
2023-07-12,0.017896317404171705
2023-07-13,0.02828860104785043
2023-07-14,0.001432638834504041
2023-07-17,0.0052172818416832195
2023-07-18,0.009617534782719962
2023-07-19,-0.001781521853905588
2023-07-20,-0.02587538780708789
2023-07-21,-0.006903147987652125
2023-07-24,0.003661403213449233
2023-07-25,0.010719502215466605
2023-07-26,0.0024235834443723007
2023-07-27,-0.003162052639932145
2023-07-28,0.022121966292151997
2023-07-31,0.0015302014907850883
2023-08-01,-0.0062956441061305275
2023-08-02,-0.028083559764307653
2023-08-03,0.00033503433722315023
2023-08-04,0.007832390856586558
2023-08-07,0.010406441348160045
2023-08-08,-0.008117328738579576
2023-08-09,-0.01921773217039171
2023-08-10,0.0004836593176790636
2023-08-11,-0.008771720363802627
2023-08-14,0.023806639302412825
2023-08-15,-0.009217286912722677
2023-08-16,-0.008985481662929496
2023-08-17,-0.0054794979687947006
2023-08-18,-0.004818240531880247
2023-08-21,0.025522272741032297
2023-08-22,-0.0031225421379912355
2023-08-23,0.02053661530241926
2023-08-24,-0.018678533763937244
2023-08-25,0.001862838876517947
2023-08-28,0.007325836004222919
2023-08-29,0.023688491853052884
2023-08-30,0.00821792573764224
2023-08-31,0.00475750708542082
2023-09-01,-0.0017759956005381607
2023-09-05,0.0023211944305327583
2023-09-06,-0.018382926263299137
2023-09-07,-0.006250140515253144
2023-09-08,0.0026554363109671415
2023-09-11,0.009629285133443057
2023-09-12,-0.013348658440126736
2023-09-13,0.010107443586431276
2023-09-14,0.00560369981202018
2023-09-15,-0.020211783190169964
2023-09-18,0.00357574335819828
2023-09-19,-0.004645408164941078
2023-09-20,-0.024311295133824753
2023-09-21,-0.022082801428969012
2023-09-22,0.001687008414238678
2023-09-25,0.009402804676831345
2023-09-26,-0.02148830220931299
2023-09-27,0.004359393482510132
2023-09-28,0.006485054769755073
2023-09-29,0.0034757606483750486
2023-10-02,0.021438615456804925
2023-10-03,-0.022346752576958284
2023-10-04,0.015324503359558993
2023-10-05,0.002739421853227531
2023-10-06,0.019596374396505658
2023-10-09,0.002807515348121492
2023-10-10,0.0021640110117896903
2023-10-11,0.015674118756932608
2023-10-12,-0.0006417248561910061
2023-10-13,-0.01660825796583467
2023-10-16,0.012426774160291544
2023-10-17,-0.01220279464972387
2023-10-18,-0.018183106151164696
2023-10-19,-3.233941819522632e-05
2023-10-20,-0.017292418944226305
2023-10-23,0.012983598889028959
2023-10-24,0.010990504714023963
2023-10-25,-0.03536558600048567
2023-10-26,-0.027680311276332303
2023-10-27,0.01711367882511048
2023-10-30,0.0218035841775448
2023-10-31,-0.0008510975393177802
2023-11-01,0.025729334836047092
2023-11-02,0.01422656375937903
2023-11-03,0.011720526656079169
2023-11-06,0.011777351651881408
2023-11-07,0.011382077157084282
2023-11-08,0.005797732696368563
2023-11-09,-0.004802924126376573
2023-11-10,0.023342491760228425
2023-11-13,-0.004260743666085377
2023-11-14,0.01589591887072044
2023-11-15,-0.004473609368098907
2023-11-16,0.010661992781799579
2023-11-17,-0.003192353960480854
2023-11-20,0.013165334219449676
2023-11-21,-0.0070018769825041845
2023-11-22,0.004472849924280564
2023-11-24,-0.008040799975286261
2023-11-27,0.0033261160744394894
2023-11-28,0.001268565104336128
2023-11-29,-0.005947090878526074
2023-11-30,-0.009006610619752942
2023-12-01,-0.0007098994188631471
2023-12-04,-0.017035244190844723
2023-12-05,0.016180614439337982
2023-12-06,-0.012394732391405051
2023-12-07,0.02189309277777638
2023-12-08,0.005058550368569659
2023-12-11,-0.012446347726697327
2023-12-12,0.008685408801530814
2023-12-13,0.007061521870685517
2023-12-14,-0.006126248068829799
2023-12-15,0.008772082736811581
2023-12-18,0.014485179280785788
2023-12-19,0.00039862187395525196
2023-12-20,-0.009275287798566524
2023-12-21,0.010344282477383749
2023-12-22,-0.0002279001888097376
2023-12-26,0.0013429205064473316
2023-12-27,-0.0013677544095886509
2023-12-28,0.001369833389274877
2023-12-29,-0.00332760753624588
2024-01-02,-0.0201973850166465
2024-01-03,-0.004992247297800812
2024-01-04,-0.011067690683342103
2024-01-05,0.0036324461674456243
2024-01-08,0.031363463325948304
2024-01-09,0.009613916760178642
2024-01-10,0.014408489403873802
2024-01-11,0.003669508918105225
2024-01-12,0.002024434687470511
2024-01-16,0.0024626817782457343
2024-01-17,-0.00593678376734037
2024-01-18,0.017735586624164457
2024-01-19,0.020332987433606276
2024-01-22,0.0006432018457025459
2024-01-23,0.006311142987723084
2024-01-24,0.009459611190692253
2024-01-25,0.00702493786799252
2024-01-26,-0.0020106248145055575
2024-01-29,0.011273456353707714
2024-01-30,-0.00888520277706748
2024-01-31,-0.03301425247398711
2024-02-01,0.017433796720338936
2024-02-02,0.03000776982292508
2024-02-05,0.008929163217261294
2024-02-06,-0.002329218796488108
2024-02-07,0.013468157748289578
2024-02-08,-0.0027294651245306726
2024-02-09,0.020749931737745485
2024-02-12,-0.008389520263745221
2024-02-13,-0.014426559950122653
2024-02-14,0.009762116258755983
2024-02-15,-0.010831896877026393
2024-02-16,-0.0065332518550954115
2024-02-20,-0.012170912325071526
2024-02-21,-0.001333321717009106
2024-02-22,0.04902656382356621
2024-02-23,-0.0016435378062870103
2024-02-26,-0.011331783694477626
2024-02-27,0.0011470610204182385
2024-02-28,-0.007883266220757013
2024-02-29,0.013105105317377541
2024-03-01,0.00744492912829482
2024-03-04,-0.004410689805995038
2024-03-05,-0.014803955535700356
2024-03-06,0.0022964014563820355
2024-03-07,0.020665208100560564
2024-03-08,-0.010605301369998798
2024-03-11,-0.0030070144695635726
2024-03-12,0.025385065600958878
2024-03-13,-0.0015447067918494593
2024-03-14,0.007799612446651662
2024-03-15,-0.012349917571176717
2024-03-18,0.012390824394193433
2024-03-19,0.007556707942848994
2024-03-20,0.01181816630141861
2024-03-21,-0.005404687693906075
2024-03-22,0.012114952346087726
2024-03-25,-0.0028799292838374464
2024-03-26,-0.007815189765939312
2024-03-27,0.001126352178774481
2024-03-28,-0.0015226297665944077
2024-04-01,0.006851258072035705
2024-04-02,-0.006396206489043354
2024-04-03,0.001768215547880425
2024-04-04,-0.01738769490803873
2024-04-05,0.01770378128890662
2024-04-08,-0.0005466975123577856
2024-04-09,0.0009398375281158616
2024-04-10,1.760408260273981e-05
2024-04-11,0.026602881958994077
2024-04-12,-0.011653035950299229
2024-04-15,-0.01957990619770134
2024-04-16,-0.0010115117094762647
2024-04-17,-0.011524051247187273
2024-04-18,-0.004883526694505713
2024-04-19,-0.032583074519631806
2024-04-22,0.01646906869883007
2024-04-23,0.017022665776366665
2024-04-24,-0.0055782802568338456
2024-04-25,-0.003693106825127645
2024-04-26,0.04260604035154345
2024-04-29,-0.002245626731404826
2024-04-30,-0.023809799633009554
2024-05-01,-0.00020912289328556266
2024-05-02,0.022320676539838092
2024-05-03,0.025681029602621978
2024-05-06,0.012813344112771463
2024-05-07,-0.0009030118888775805
2024-05-08,-0.002343667986840248
2024-05-09,0.0014674539221478217
2024-05-10,-0.0013288452313216844
2024-05-13,0.0038068697896268097
2024-05-14,0.006679781552182496
2024-05-15,0.014501136546172334
2024-05-16,-0.002035855406523024
2024-05-17,-0.0009996827498164555
2024-05-20,0.00837116056322498
2024-05-21,0.005016326626267321
2024-05-22,-0.0034068313429764575
2024-05-23,0.007311898075033494
2024-05-24,0.011270320761847709
2024-05-28,0.017206354408583605
2024-05-29,0.0006941827688834669
2024-05-30,-0.020515405706465532
2024-05-31,-0.003102594016615035
2024-06-03,0.013797461614289299
2024-06-04,0.005899788399348483
2024-06-05,0.019719820691314595
2024-06-06,0.0020749894157645827
2024-06-07,-0.0013446217177922604
2024-06-10,0.003415454004536045
2024-06-11,0.017371063183507385
2024-06-12,0.01764706391946864
2024-06-13,0.0021455637816174553
2024-06-14,0.003993733364070606
2024-06-17,0.0061351084247044385
2024-06-18,0.00013726167389393942
2024-06-20,-0.006688517631187008
2024-06-21,0.00028388200229605403
2024-06-24,-0.017849033189786458
2024-06-25,0.02206933460829741
2024-06-26,0.012667041901275012
2024-06-27,0.0033331283453849948
2024-06-28,-0.014748951772092433
2024-07-01,0.01643792305996019
2024-07-02,0.0070408252445415265
2024-07-03,0.009173796856742756
2024-07-05,0.01103571935522527
2024-07-08,0.0021526617907097643
2024-07-09,0.0028392116632866005
2024-07-10,0.01483453071799241
2024-07-11,-0.031345744219658564
2024-07-12,0.0038797740202416
2024-07-15,0.0020490363132316114
2024-07-16,-0.007323697659802874
2024-07-17,-0.029404235087062976
2024-07-18,-0.008400322220011101
2024-07-19,-0.0072923888897427295
2024-07-22,0.015750358746615147
2024-07-23,0.004623196931325712
2024-07-24,-0.04259249943599091
2024-07-25,-0.016587878888573847
2024-07-26,0.007717645448169687
2024-07-29,0.002140213813871928
2024-07-30,-0.016089747974752423
2024-07-31,0.03372967027691079
2024-08-01,-0.021313070404811143
2024-08-02,-0.028683629437705416
2024-08-05,-0.04596799173711037
2024-08-06,0.007798275067101623
2024-08-07,-0.0064767508634079995
2024-08-08,0.025329895805359694
2024-08-09,0.007381406353137643
2024-08-12,0.008113778943254801
2024-08-13,0.02645743731047001
2024-08-14,0.00035414114509042544
2024-08-15,0.023133502424719676
2024-08-16,0.0042289581573586865
2024-08-19,0.015885666813929958
2024-08-20,-0.0007777023132453202
2024-08-21,0.001340957004995591
2024-08-22,-0.02000271901372355
2024-08-23,0.015009645329579869
2024-08-26,-0.006870092425444674
2024-08-27,-0.0006660359339680792
2024-08-28,-0.012012515477201148
2024-08-29,-0.008396615367378523
2024-08-30,0.013677466202905799
2024-09-03,-0.03807319760194614
2024-09-04,-0.00977236983078942
2024-09-05,0.009290713284955988
2024-09-06,-0.02819673643828489
2024-09-09,0.011174879274637473
2024-09-10,0.01118260853363149
2024-09-11,0.03178467486320051
2024-09-12,0.013161885666224206
2024-09-13,0.004407836275568644
2024-09-16,-0.01005640650203046
2024-09-17,0.003910119280109004
2024-09-18,-0.0021044359224294154
2024-09-19,0.0256163037243593
2024-09-20,-0.0017067904586686832
2024-09-23,-0.001623892217979739
2024-09-24,0.007349250883093773
2024-09-25,0.0023983519842710518
2024-09-26,0.0016165498024084402
2024-09-27,-0.007383041113063715
2024-09-30,0.0062784990736743495
2024-10-01,-0.017520568987031027
2024-10-02,0.0002207877904127466
2024-10-03,0.0024384447053123585
2024-10-04,0.010589042430428087
2024-10-07,-0.014164890644408424
2024-10-08,0.018143295639788497
2024-10-09,0.003920287833990966
2024-10-10,0.003915321947482853
2024-10-11,0.002671628016103234
2024-10-14,0.010253838419391339
2024-10-15,-0.006591842452127827
2024-10-16,0.0020245275550418336
2024-10-17,0.0003752463189163448
2024-10-18,0.006867812955431685
2024-10-21,0.010711661855334544
2024-10-22,0.0054486556225999076
2024-10-23,-0.019418333479903318
2024-10-24,0.0028492297317495472
2024-10-25,0.008638771664337198
2024-10-28,0.001900920730222389
2024-10-29,0.009924482847578363
2024-10-30,0.002134010627070282
2024-10-31,-0.03560114196728621
2024-11-01,0.015881416044357312
2024-11-04,-0.005344374660969153
2024-11-05,0.01283168590617807
2024-11-06,0.0273191414273887
2024-11-07,0.018927768486719863
2024-11-08,-0.0077116513610785194
2024-11-11,-0.0068051835974879404
2024-11-12,0.009983579039653901
2024-11-13,0.0010467506530248637
2024-11-14,-0.0019180769225095593
2024-11-15,-0.026814703411143493
2024-11-18,0.0028327914224932863
2024-11-19,0.017096949134650475
2024-11-20,-0.006087887662305391
2024-11-21,-0.01413902596810206
2024-11-22,-0.007948620868085765
2024-11-25,0.0030150220951877353
2024-11-26,0.0157153573421581
2024-11-27,-0.006664805751627357
2024-11-29,0.008324765968252735
2024-12-02,0.01172575765779218
2024-12-03,0.007424319819304648
2024-12-04,0.018099852798714046
2024-12-05,0.0025125414492793265
2024-12-06,0.004926679246518462
2024-12-09,-0.000614504244475067
2024-12-10,0.004479425819931261
2024-12-11,0.023486915350398728
2024-12-12,-0.006023038224744592
2024-12-13,-0.008929981472234472
2024-12-16,0.012941688803603269
2024-12-17,-0.0020138478003580485
2024-12-18,-0.03044860184850151
2024-12-19,0.006613336586857388
2024-12-20,0.014255640672223336
2024-12-23,0.010862893266036268
2024-12-24,0.010024540886514456
2024-12-26,-0.0026003299609387745
2024-12-27,-0.01609301256030433
2024-12-30,-0.008366976108726878
2024-12-31,-0.011389130403988923
2025-01-02,0.00024832055550587633
2025-01-03,0.016881947067204826
2025-01-06,0.018688628033786837
2025-01-07,-0.02350791154965759
2025-01-08,-0.00015869304163960147
2025-01-10,-0.01830053664512477
2025-01-13,-0.008364002585690034
2025-01-14,-0.005945467135535365
2025-01-15,0.02720014080703148
2025-01-16,-0.017920062874776543
2025-01-17,0.01779145454317557
2025-01-21,0.0042152361941003354
2025-01-22,0.022242890247886216
2025-01-23,0.00023638174141511485
2025-01-24,-0.006453994654797457
2025-01-27,-0.039764786998541204
2025-01-28,0.03693617472418862
2025-01-29,-0.01025111602383697
2025-01-30,-0.008766587447558207
2025-01-31,-0.0029257161630448893
2025-02-03,-0.017399837376656957
2025-02-04,0.01734605994102325
2025-02-05,-0.008871399427896188
2025-02-06,0.010572760299160456
2025-02-07,-0.020551010516523104
2025-02-10,0.01189050825632849
2025-02-11,0.001275522000260332
2025-02-12,-0.005148984786864897
2025-02-13,0.015010983228673072
2025-02-14,0.004332056747970947
2025-02-18,-0.0020733892742395674
2025-02-19,0.004202829149008004
2025-02-20,-0.0009695235454322492
2025-02-21,-0.023105400344495108
2025-02-24,-0.01100454769059107
2025-02-25,-0.012860432213804087
2025-02-26,0.0012459025833024828
2025-02-27,-0.03323702418539891
2025-02-28,0.019543376038437324
2025-03-03,-0.0355009362128164
2025-03-04,0.005173722954934545
2025-03-05,0.015416903929795
2025-03-06,-0.022009552367294696
2025-03-07,0.0055164096911674895
2025-03-10,-0.04021602702441283
2025-03-11,-0.002456568734917264
2025-03-12,0.01692476942764927
2025-03-13,-0.01958748080154036
2025-03-14,0.026884213354564417
2025-03-17,-0.006650972869170869
2025-03-18,-0.018140227448542136
2025-03-19,0.015091014701683971
2025-03-20,-0.0017794393308850464
2025-03-21,0.0075346295650022595
2025-03-24,0.02117501333135392
2025-03-25,0.008454464296374175
2025-03-26,-0.026997336578119358
2025-03-27,-0.004877194786594896
2025-03-28,-0.03283973735561681
2025-03-31,-0.0024215616999997192
2025-04-01,0.012994102933289177
2025-04-02,0.0050496080699230506
2025-04-03,-0.06483749371008284
2025-04-04,-0.0515065681604316
2025-04-07,0.005176607625392295
2025-04-08,-0.022595908138727874
2025-04-09,0.13168881781410244
2025-04-10,-0.04274793695165336
2025-04-11,0.027771534886330596
2025-04-14,0.003165959774513927
2025-04-15,-0.005004802738773795
2025-04-16,-0.03852186248389751
2025-04-17,-0.00981736956351642
2025-04-21,-0.02836040364807533
2025-04-22,0.027338644139565417
2025-04-23,0.030411722635095062
2025-04-24,0.029463037662046745
2025-04-25,0.017821655800426585
2025-04-28,-0.006670297797696456
2025-04-29,0.002133659772187757
2025-04-30,-0.003210862588057495
2025-05-01,0.030378777858532626
2025-05-02,0.005505134192266792
2025-05-05,-0.01067248766183402
2025-05-06,-0.004817346303609482
2025-05-07,-0.006577613142924709
2025-05-08,0.011420898589062567
2025-05-09,-0.0008810904574084289
2025-05-12,0.05193310659791437
2025-05-13,0.017212716956546848
2025-05-14,0.015717900401461128
2025-05-15,-0.007668964508684995
2025-05-16,0.004298539995481932
2025-05-19,0.0009042709001420015
2025-05-20,-0.009001792600808646
2025-05-21,-0.008201342494695863
2025-05-22,0.006562403711324062
2025-05-23,-0.015312370115965226
2025-05-27,0.026406517922809104
2025-05-28,-0.004141007543786257
2025-05-29,0.006983545431648364
2025-05-30,-0.005011559883463557
2025-06-02,0.003319946786967631
2025-06-03,0.003298124903088007
2025-06-04,0.004665744791792359
2025-06-05,-0.0023899499929399552
2025-06-06,0.018854307843286476
2025-06-09,0.006083458669045672
2025-06-10,0.005733569886291413
2025-06-11,-0.010125825069348095
2025-06-12,0.004282780573352229
2025-06-13,-0.010815058774093035
2025-06-16,0.013773887157234332
2025-06-17,-0.0061615842914929395
2025-06-18,-0.0013621017810677037
2025-06-20,-0.009298300513724224
2025-06-23,0.0016414132466431976
2025-06-24,0.011712946654824388
2025-06-25,0.014763498079373851
2025-06-26,0.010660222656175835
2025-06-27,0.014438180072285235
2025-06-30,-0.0011134696534998768
2025-07-01,-0.004976167144563215
2025-07-02,0.011904040286668317
2025-07-03,0.011029767573530424
2025-07-07,-0.008200057893752888
2025-07-08,-0.004587778019598332
2025-07-09,0.012942612617045279
2025-07-10,0.002775412064566618
2025-07-11,0.005933662718916223
2025-07-14,-0.0014396834248170624
2025-07-15,0.010734504671967928
2025-07-16,-1.5991633926915115e-05
2025-07-17,0.005459146775625202
2025-07-18,0.003399999051956493
2025-07-21,0.008290897803178265
2025-07-22,-0.005439050770169863
2025-07-23,0.004055228375128617
2025-07-24,0.01057439117939183
2025-07-25,0.001314696951085037
2025-07-28,0.003979694125902178
2025-07-29,-0.0022105170431762303
2025-07-30,0.00253158865672527
2025-07-31,0.0036112522210569147
2025-08-01,-0.03261336586266604
2025-08-04,0.015951023395903374
2025-08-05,-0.0036972288625579442
2025-08-06,0.019886124073015446
2025-08-07,0.007477817027037004
2025-08-08,0.015660059333527498
2025-08-11,-0.00413693038018168
2025-08-12,0.008728180877007486
2025-08-13,-0.0003489544325023352
2025-08-14,0.007420420952551665
2025-08-15,-0.002642355546992281
2025-08-18,-5.00427367160273e-05
2025-08-19,-0.015023893962285009
2025-08-20,-0.01172566228901293
2025-08-21,-0.002949314210117682
2025-08-22,0.019726223875561867
2025-08-25,0.00188967827436084
2025-08-26,0.0025730927120414917
2025-08-27,0.003401298998977609
2025-08-28,0.007540661698721319
2025-08-29,-0.00921325340489514
2025-09-02,-0.011270580969311729
2025-09-03,0.026371597589380992
2025-09-04,0.013352244345884579
2025-09-05,-0.011105948132796195
2025-09-08,0.003710058808731387
2025-09-09,0.006839958980618021
2025-09-10,-0.004994701679970204
2025-09-11,0.003617438143020113
2025-09-12,0.006587405145620085
2025-09-15,0.016163724200870158
2025-09-16,-0.002550221889561488
2025-09-17,-0.007533291809395571
2025-09-18,0.007110533891906324
2025-09-19,0.012974407047314118
2025-09-22,0.010085875647646868
2025-09-23,-0.01572946695809794
2025-09-24,-0.006986911981316025
2025-09-25,0.0002416672794660846
2025-09-26,0.0033170799572327164
2025-09-29,0.004684386286595465
2025-09-30,0.0035422197824387163
2025-10-01,0.004477522837228688
2025-10-02,0.003808718092960928
2025-10-03,-0.0029127063686094305
2025-10-06,0.006496845290591692
2025-10-07,-0.005372212411042843
2025-10-08,0.008137592268816118
2025-10-09,-0.0006784249603807749
2025-10-10,-0.03514949568005321
2025-10-13,0.01862109767735385
2025-10-14,-0.011181552673716389
2025-10-15,0.004779457935891918
2025-10-16,-0.0007008518876653767
2025-10-17,0.006363028029297358
2025-10-20,0.014300232723689564
2025-10-21,-0.0004998783277935012
2025-10-22,-0.005839793880764788
2025-10-23,0.006953643408476352
2025-10-24,0.016397466356143343
2025-10-27,0.022851909221905102
2025-10-28,0.014747185042007005
2025-10-29,0.012532864798634491
2025-10-30,-0.010007428070921944
2025-10-31,0.014785365120268937
2025-11-03,0.012867004847449626
2025-11-04,-0.016267579353636742
2025-11-05,-0.0006325029922590315
2025-11-06,-0.016959972812963752
2025-11-07,-0.004032663308759844
2025-11-10,0.027540515515475143
2025-11-11,0.0008592286257905098
2025-11-12,-0.006755771724226433
2025-11-13,-0.02171390932485582
2025-11-14,0.0019013944903472303
2025-11-17,-0.0037643832930571055
2025-11-18,-0.02041294330318171
2025-11-19,0.009953301450709828
2025-11-20,-0.018505019647125365
2025-11-21,0.009674245674651494
2025-11-24,0.025856794407930206
2025-11-25,0.002887847104425645
2025-11-26,0.004129251647541165
2025-11-28,0.0036886825079200936
2025-12-01,0.001467061399980363
2025-12-02,0.006280463459537388
2025-12-03,-0.007816161032127367
2025-12-04,-0.0009662927125064788
2025-12-05,0.001204038778910288
2025-12-08,-0.0008147945768121278
2025-12-09,0.0023210989723723373
2025-12-10,-0.0002421094378648684
2025-12-11,-0.007741247177892529
2025-12-12,-0.013958885029412449
2025-12-15,-0.007015603808190285
2025-12-16,0.0015957846252810937
2025-12-17,-0.01734593901080763
2025-12-18,0.016134443627049102
2025-12-19,0.013384668735646078
2025-12-22,0.0032548333567944845
2025-12-23,0.014030806325139311
2025-12-24,0.000952500962995062
2025-12-26,0.001360654839071729
2025-12-29,-0.0027667669724720234
2025-12-30,-0.00048197994368761606
2025-12-31,-0.00559868349636603
2026-01-02,-0.004891259816429416
2026-01-05,0.003096056301512462
2026-01-06,0.003155155740268035
2026-01-07,0.007906987227280471
2026-01-08,-0.0014473362064669976
2026-01-09,0.003358363204628412
2026-01-12,0.0011556943862310652
2026-01-13,-0.0018362688793359893
2026-01-14,-0.013489004358414759
2026-01-15,0.001210159124521782
2026-01-16,-0.002432602821246221
2026-01-20,-0.029636927590911057
2026-01-21,0.0063171938295347955
2026-01-22,0.009324870428992816
2026-01-23,0.011912495893516794
2026-01-26,0.009154217501849127
2026-01-27,0.014844007162931262
2026-01-28,0.0017103146599541262
2026-01-29,-0.0172375737879269
2026-01-30,-0.004143716909219219
2026-02-02,0.0055493481591124124
2026-02-03,-0.017704180395416127
2026-02-04,-0.008814112348639446
2026-02-05,-0.022896830920758116
2026-02-06,0.004965267702060315
2026-02-09,0.008257453020303406
2026-02-10,-0.007648985746748261
2026-02-11,-0.008942170882272272
2026-02-12,-0.02017152099619455
2026-02-13,-0.012158660617547223
2026-02-17,0.006427855695093231
2026-02-18,0.009478339039588592
2026-02-19,-0.003300918691745913
2026-02-20,0.01763241587034177
2026-02-23,-0.010215438668354926
2026-02-24,0.011018796439430555
2026-02-25,0.013591655409178838
2026-02-26,-0.0173975253855283
2026-02-27,-0.014375459846037742
2026-03-02,0.004443571071878894
2026-03-03,-0.0022883659125396472
2026-03-04,0.010472638222551445
2026-03-05,0.0018047285976075852
2026-03-06,-0.01583677783490005
2026-03-09,0.01319212768774003
2026-03-10,0.002500305587607033
2026-03-11,0.0004392774850845659
2026-03-12,-0.01474237133585996
2026-03-13,-0.013318989364053626
2026-03-16,0.013769026120823737
2026-03-17,0.0062136792041306965
2026-03-18,-0.0159037176541071
2026-03-19,-0.005659933805098771
2026-03-20,-0.018258306031533937
2026-03-23,0.012168890770550656
2026-03-24,-0.01619336651839438
2026-03-25,0.008490594845951004
2026-03-26,-0.02166753898606799
2026-03-27,-0.025193860259707872
2026-03-30,-0.0023193696197280293
2026-03-31,0.0407953877449172
2026-04-01,0.011611487317411906
2026-04-02,0.0024584016524329625
2026-04-06,0.008001731990280626
2026-04-07,0.0006281399319525428
2026-04-08,0.024589187690690874
2026-04-09,0.014511622128183422
2026-04-10,0.0072097297761084984
2026-04-13,0.010851125274988837
2026-04-14,0.026701020673548802
2026-04-15,0.01959978545917225
2026-04-16,0.0019123924682380223
2026-04-17,0.013805438544006022
2026-04-20,-0.004082334150960955
2026-04-21,-0.006011400323179927
2026-04-22,0.020604697480271387
2026-04-23,-0.011039291331732582
2026-04-24,0.021416815446533177
2026-04-27,0.006832634244070835
2026-04-28,-0.00018110426162278905
2026-04-29,-0.0036448767961692495
2026-04-30,0.005221341387910795
2026-05-01,0.011499901169121052
2026-05-04,-0.0011682949389487886
2026-05-05,0.006037804881497832
2026-05-06,0.021130662197968733
2026-05-07,0.003969807228899347
2026-05-08,0.007430338396544434
2026-05-11,-0.006271534304767214
2026-05-12,-0.002720846885828499
2026-05-13,0.01720743893291381
2026-05-14,0.007493243734829491
2026-05-15,-0.005828801167155674
2026-05-18,-0.0028612775038014075
2026-05-19,-0.012513475310297274
2026-05-20,0.01154860000503435
2026-05-21,-0.0002747937096155835
2026-05-22,-0.005558966976566682
2026-05-26,0.0003453457150065064
2026-05-27,0.002835473007188582
2026-05-28,0.011810842493914819
2026-05-29,0.00022764971694793149
2026-06-01,0.004384434349083045
2026-06-02,-0.015255338337598845
2026-06-03,-0.023357779970425232
2026-06-04,0.015206083753202294
2026-06-05,-0.02830174413420432
2026-06-08,-0.006062296274770174
2026-06-09,-0.01208394543327711
2026-06-10,-0.019151186137512634
2026-06-11,0.007414970585471959
2026-06-12,-0.0039105092140346645
2026-06-15,0.026967223139390883
2026-06-16,-0.0037131888556000583
2026-06-17,-0.024416711940002615
2026-06-18,0.015686640609310354
2026-06-22,-0.02843007107367601
2026-06-23,-0.00738086595491938
2026-06-24,-0.00675303865439818
2026-06-25,-0.029536946549552016
2026-06-26,0.01573603595436082
2026-06-29,0.014779548109824759
2026-06-30,0.013680699956269571
2026-07-01,0.011966622922034608
2026-07-02,0.010212548200424299
2026-07-06,0.0062977854638773595
2026-07-07,0.0030199598533932506
2026-07-08,0.0015273569170234143
2026-07-09,0.002158504387816818
2026-07-10,0.005554467723670076
2026-07-13,-0.003731838537897647
2026-07-14,0.007599600242288651
2026-07-15,0.026633570639510797
2026-07-16,-0.011369572800643126
2026-07-17,-0.01423612692828815
2026-07-20,0.005723566758721921
2026-07-21,-0.0023097036119521745
2026-07-22,-0.005349176844942337
